idmeter,r_entr_d2d_median,r_entr_d2d_morn_median,r_entr_d2d_daytime_median,r_entr_d2d_pre-peak_median,r_entr_d2d_peak_median,r_entr_d2d_post-peak_median,r_entr_d2mean_median,r_entr_d2mean_morn_median,r_entr_d2mean_daytime_median,r_entr_d2mean_pre-peak_median,r_entr_d2mean_peak_median,r_entr_d2mean_post-peak_median,daily_mean,total_cons
22953697.0,0.046968712999999995,0.0258726195,0.023475261,0.0220859305,0.026252848000000002,0.0058050954999999994,0.2041161795,0.052681439,0.035752377,0.021125232,0.032448114,0.010670462,140.22568,101781.586
22953684.0,0.063778155,0.024492801,0.023841798,0.02686874,0.032783281,0.011657913,0.301183977,0.061137897,0.034269258,0.029756787,0.049174317,0.012256784,139.3410357,54621.686
23257432.0,3.370275292,0.055139286,0.065218687,0.043959906,0.089501089,0.022653983,0.729087539,0.017749966,0.056485336,0.045861935,0.205346287,0.003743073,127.0224231,49538.745
22818303.0,0.046159386499999996,0.015355514,0.0350245485,0.023929034000000002,0.0354072005,0.0116773015,0.226611821,0.013204657500000001,0.036848515,0.05494136,0.0569634175,0.0144521985,108.1606394,42290.81
22954023.0,0.028871066,0.011208654,0.024736795,0.022270575,0.022659238,0.00680684,0.20785569,0.024620942,0.053335141,0.04717239,0.047073562,0.025064659,87.65821026,34186.702
22818337.0,0.096846435,0.014789316,0.04764218,0.050191686,0.048455499,0.012442461,0.392255236,0.026298609,0.056101889,0.071756349,0.048876794,0.015304427,77.75408974,30324.095
22953974.0,0.067219128,0.027150064,0.02834464,0.032362691,0.032697789,0.0094727,0.302304617,0.084813595,0.02840418,0.04468419,0.048722148,0.013410973,76.32427692,29766.468
22954081.0,0.594555098,0.067237483,0.069612343,0.078345861,0.119154588,0.018238665,0.524450014,0.028035274,0.04707199,0.061827087,0.064660633,0.01738333,76.11760769,29685.867
23256877.0,0.082834237,0.0188863625,0.0380023355,0.033918307499999995,0.033861237,0.0093919235,0.33871704550000004,0.033800791499999996,0.0804448865,0.06790128449999999,0.054456107000000004,0.0167962805,74.27609974,29041.955
22953963.0,0.019035711,0.012062275,0.014632312,0.011337702,0.018999559,0.004964443,0.169647467,0.020290836,0.02838517,0.025377244,0.025014418,0.020390998,68.99322821,26907.359
22954000.0,0.160497496,0.020053236500000002,0.0523142875,0.0435803625,0.0321426425,0.012114027999999999,0.5532716495,0.039348147,0.0881761005,0.079725585,0.041871068,0.017637985000000002,65.13282609,25466.935
23257463.0,1.6254254664999999,0.011594287,0.132449105,0.13206355549999998,0.187787333,0.012252481999999999,0.7739517265,0.0210634715,0.067257469,0.0601814095,0.2856881215,0.013228183000000001,61.95474425,24224.305
22818019.0,0.127766928,0.029307346,0.034139422,0.029167321,0.036043243,0.01775378,0.183197693,0.065795733,0.037776908,0.031455919,0.04296593,0.021515063,60.061875,23544.255
23257523.0,0.11990219,0.060307298,0.00924901,0.009717829,0.127053321,0.006545784,0.522656706,0.056081646,0.023584849999999997,0.0366212125,0.1500111625,0.002226065,59.92807494,23192.165
22818042.0,0.2388920955,0.051999081,0.068346085,0.048721943000000004,0.024899509,0.004131276999999999,0.96899664,0.113888986,0.1836180625,0.056607791000000005,0.024668227,0.010127805,59.55691214,23048.525
23257471.0,0.162452671,0.02454451,0.04235198,0.041538291,0.053617973,0.004830592,0.62072298,0.020816533,0.083991752,0.065970296,0.057919545,0.014005442,54.62246154,21302.76
22813974.0,0.644359973,0.11461898,0.05645762,0.046643128,0.157685721,0.00028551,0.975910096,0.032810315,0.173726633,0.172792519,0.027282327,0.001644172,54.47287692,21244.422
23257473.0,0.258885775,0.025922639,0.037022318,0.026343198,0.041439584,0.001568051,0.761956386,0.009323863,0.10211121,0.062799838,0.137211756,0.009014284,54.11469231,21104.73
23257106.0,0.182869271,0.035544606,0.037408629,0.03478882,0.071984638,0.0064463,0.616842541,0.034194358,0.034499625,0.077463868,0.121230467,0.013733975,53.48595663,20966.495
22953762.0,0.097932678,0.0138389055,0.039072898999999994,0.0298897755,0.042322515,0.011627485,0.3278569335,0.0243512175,0.0622236015,0.0568778095,0.021396105,0.018255035,51.85676471,20275.995
23257274.0,4.551567846,0.090943533,0.033192913,0.041986449,2.917315046,2.718524609,0.739565554,0.045038048,0.051064113,0.091470989,0.078167931,0.006071164,51.33591026,20021.005
23257089.0,0.060989852,0.020141923,0.038000052,0.030186368,0.036569965,0.005097572,0.464352105,0.039259382,0.083633335,0.106429098,0.032767146,0.017704004,47.43232051,18498.605
22817964.0,0.059253312,0.012634098,0.035551661,0.0337834345,0.0266186365,0.0054781475,0.4897477,0.018640094,0.08296314099999999,0.083229638,0.06350798099999999,0.0166334395,46.22230179,18072.92
23257452.0,2.6346799704999997,0.17845088799999997,0.07012070200000001,0.047151936000000005,0.061384007000000004,0.010516674,0.732709577,0.029989939,0.04981891,0.073090835,0.048287696,0.014684952,45.10154731,17634.705
22818730.0,0.04130145,0.02763428,0.015338681,0.018987345,0.025998118,0.004024226,0.307222501,0.207544339,0.029866838,0.016110288,0.043077081,0.016524199,45.01704082,17646.68
22817968.0,0.047476429,0.0130266565,0.0254992775,0.019232634,0.020968615500000003,0.006342679,0.1586673255,0.023286216,0.0353200475,0.0257117095,0.013497924,0.025510469,44.49031969,17395.715
22817976.0,0.051718958,0.015216176,0.030431697,0.025566779,0.029327179,0.008875552,0.204358707,0.021638381,0.051428448,0.056950941,0.041669932,0.032593346,43.47407216,16867.94
23257191.0,2.302848709,2.176273367,0.061988671,0.052514747,0.19566836,0.589488096,0.697111634,0.011147758,0.044291374,0.050289353,0.213781214,0.006930818,43.17133929,16923.165
23256936.0,0.046139808500000004,0.008994587,0.0337939975,0.026917356,0.0290991475,0.005429152,0.3081053995,0.0403129075,0.0812831615,0.0690727655,0.0141371725,0.018015597,42.77951407,16726.79
23257125.0,0.116695961,0.036994499,0.08393515,0.035629217,0.033542319,0.014891844,0.549321824,0.071821723,0.184442833,0.045250641,0.085991823,0.01716123,42.14028205,16434.71
23257183.0,0.04676349,0.012167922,0.023111794,0.023059851,0.02810286,0.008547096,0.207026437,0.018153314,0.026219099,0.049808805,0.02604504,0.010218824,39.58512755,15517.37
23256875.0,0.075479633,0.024214716,0.021748977,0.023356777,0.034612444,0.003433916,0.417676596,0.044644396,0.041083753,0.029042809,0.124848762,0.016221341,37.6288648,14750.515
23257435.0,0.180515366,0.021918958,0.050181707,0.038152022,0.067405581,0.009761115,0.508203029,0.033366311,0.071695226,0.061490721,0.105135838,0.016987375,36.00132051,14040.515
23257048.0,0.13393504950000001,0.01489651,0.0334617085,0.0318983085,0.053158846999999995,0.008445734,0.485654874,0.030393050999999997,0.034874878,0.066730126,0.1160405655,0.0159768295,35.78891304,13993.465
23257512.0,1.986435475,0.531042967,0.0388843,0.04138005,1.247764795,0.530407132,0.744809347,0.0353659265,0.047739443,0.13878846,0.10263742149999999,0.009004357000000001,35.53537084,13894.33
22953964.0,3.383949554,0.00549379,0.033786001499999996,0.029026791,0.113833151,0.002304312,0.917073127,0.002753548,0.09960936,0.126901095,0.072297295,0.006718247,34.7256641,13543.009
22818214.0,0.1872791165,0.030527744,0.058407853499999995,0.044254644499999995,0.0467908165,0.013367083,0.48355715450000003,0.0784842755,0.078700147,0.0632894105,0.0260107065,0.016848311,32.68787724,12780.96
23257031.0,0.108304683,0.022578053,0.044402998,0.040184144,0.039134347,0.013744647,0.459046913,0.051659155,0.075330065,0.074069293,0.030491524,0.018058655,31.67316667,12352.535
22818051.0,0.0585550495,0.015991382999999998,0.0293448165,0.0256785945,0.027018371,0.0046832545,0.5775352075,0.036575262,0.0804831065,0.111251287,0.027012032999999998,0.0175050655,31.47985934,12308.625
23257190.0,0.310289951,0.014955955,0.074617471,0.06378874,0.128491414,0.005914973,0.725032968,0.024333551,0.048756624,0.091816,0.178357925,0.013254355,31.33485897,12220.595
23257437.0,6.650667072,0.140462605,0.066476126,0.059086968,0.228846844,0.0,0.7692565490000001,0.0170136015,0.037770268499999995,0.0471785475,0.2838591495,0.0,31.27479487,12197.17
23257036.0,0.051315176500000004,0.016599687000000002,0.0319221635,0.033517159,0.0265768445,0.00760506,0.358984984,0.021535346,0.080885482,0.0772362605,0.074965537,0.013254545999999999,31.21731458,12205.97
22818047.0,0.090396892,0.020858739,0.043086199,0.035044558,0.029975282,0.012238595,0.262939705,0.03962969,0.054560117,0.057564683,0.032181228,0.016648836,30.83757732,11964.98
23257155.0,0.0510875715,0.014665505,0.036606780500000005,0.0339469365,0.029471977500000003,0.007643128000000001,0.3485803845,0.034453450499999996,0.08723265150000001,0.0698295555,0.053142427,0.0159360615,29.31870844,11463.615
22953972.0,0.044044734,0.00024798699999999997,0.0233446405,0.017652670500000002,0.023678399000000003,0.0001228135,0.849344095,0.005994259,0.041929961,0.055141512,0.305187881,0.003615572,29.0688312,11365.913
22818223.0,0.106513581,0.016228578,0.016014104,0.0154009005,0.033654943,0.0002411445,0.4776809405,0.0582571615,0.039689181000000004,0.014942381000000001,0.1777275955,0.008139813499999999,27.78034527,10862.115
22818189.0,0.656003529,0.12126551,0.101914391,0.067386003,0.116922536,0.018659479,0.542707827,0.109370196,0.054180186,0.071581544,0.089379628,0.017231026,26.94237245,10561.41
22818040.0,0.116148625,0.018506303,0.042681063,0.03930595,0.041102027,0.010946431,0.336665048,0.028933808,0.079780523,0.070013323,0.051970588,0.01786363,26.63332895,10120.665
23257246.0,1.374703086,0.617022983,0.0556247815,0.05181235,0.1528661115,0.041806296,0.610670974,0.034210187,0.045906943000000006,0.048299510500000004,0.089861943,0.015212508,26.27056555,10219.25
23257369.0,4.997986155,0.384459108,0.036460069,0.031053502,0.057513133,0.452856389,0.643921341,0.083708639,0.023289928,0.045577465,0.118681668,0.008079889,25.01075641,9754.195
23257474.0,0.225629642,0.022887443,0.072154463,0.039185255,0.054497803,0.002687669,0.59624384,0.029161887,0.079226085,0.063368797,0.077414499,0.014854535,23.61474359,9209.75
22825987.0,0.134364022,0.005378688499999999,0.039277919,0.039591992500000006,0.05443926,0.0045933765,0.5717179725,0.035387956,0.0761316065,0.083736546,0.13715306700000002,0.017431982999999998,23.42764706,9160.21
23257105.0,0.956526217,0.004495186,0.065787618,0.050055275,0.084844331,0.002745471,0.880883547,0.018266878,0.0902715,0.149360952,0.162456809,0.010832286,22.30280769,8698.095
22953686.0,0.21025102,0.039683921,0.049209332,0.0479717,0.044077679,0.001587762,0.651359807,0.083377977,0.058148654,0.062621438,0.072233374,0.015196557,22.20938974,8661.662
22825396.0,0.185721096,0.033608234,0.023398297,0.0229172765,0.0440204555,0.006708109,0.41611183,0.069578066,0.029822911,0.034255877,0.114104094,0.012820481,22.03249488,8614.7055
23257518.0,0.147619764,0.022540119,0.042292561,0.034384581,0.041924299,0.00887465,0.393112668,0.040232013,0.062369447,0.058760877,0.026344438,0.017293836,21.19115885,8137.405
23257344.0,5.24586773,0.1872146255,0.0443086375,0.0414621565,0.1032071105,0.9615644465,0.730224659,0.234018326,0.027702202000000002,0.06689086,0.048840807,0.0126878235,21.07838462,8220.57
22818744.0,0.0279838605,0.0064192204999999995,0.0169421,0.014845639,0.0155257295,0.0041459240000000005,0.1856106555,0.017719308,0.0322936335,0.034586956,0.043426440999999996,0.0283586115,20.61348071,6946.743
22817993.0,0.125626254,0.029641894,0.043553122,0.04605934,0.047683135,0.012553732,0.430227648,0.034012526,0.05498256,0.108376815,0.034564772,0.016502893,20.26516582,7943.945
23257014.0,0.153552469,0.021545101,0.050103412,0.039602516,0.043838424,0.0080198,0.300295617,0.038975782,0.051580641,0.055982748,0.016818805,0.014306575,20.14383929,7896.385
22818048.0,0.082402753,0.022965914,0.03615911,0.028133887,0.022843833,0.004740726,0.41125242149999996,0.049012665,0.0798064505,0.06612641799999999,0.015548764999999999,0.0180033265,20.04183805,7796.275
22818224.0,0.17509448049999998,0.0222774525,0.0292464755,0.031377949,0.043904457499999994,0.0035493825,0.501249972,0.07872762550000001,0.0596110385,0.050842027,0.065363434,0.016582148999999997,19.3918509,7543.43
22821156.0,0.041719669,0.016113834,0.027256797,0.018717927500000002,0.0304675365,0.0060391214999999995,0.205581809,0.030959863,0.028553629,0.026716801,0.055262091,0.009486999,19.30855115,7549.6435
22817239.0,0.22812353149999998,0.020864523500000003,0.036856844,0.0326060865,0.0534565615,0.0060533055,0.492871259,0.022256288,0.02771307,0.033082696,0.1718347205,0.013096268500000001,18.47447442,7223.5195
23257119.0,0.16292414,0.0191156445,0.06415864800000001,0.060732931500000004,0.058443524499999996,0.0089437775,0.558531594,0.0354144975,0.0796154815,0.0981629945,0.033988659000000004,0.017226492,17.7806266,6952.225
22821354.0,0.2037323305,0.021340110500000002,0.052701463000000004,0.047229638000000004,0.0536664165,0.035365892,0.2982690135,0.0362673625,0.034965378000000005,0.044109623,0.045020009,0.108300923,17.2873312,6759.3465
22818052.0,1.87107889,0.623364581,0.068880027,0.061141772,1.486625272,0.507120374,0.664424235,0.05032063,0.065381582,0.06513933,0.063101114,0.015071975,16.57761598,6432.115
23257192.0,0.4762976415,0.0107910045,0.04805616,0.060318897999999996,0.056403604499999996,0.0048146375,0.641133831,0.0247306905,0.0766549755,0.082380397,0.136513826,0.015703407,16.56543478,6477.085
23256820.0,0.1601714135,0.0124559955,0.06360172,0.046330775000000005,0.061668807000000006,0.009402552500000001,0.515803033,0.0392308495,0.07831511999999999,0.1068397755,0.035200482500000005,0.017297358,15.98875959,6251.605
22818108.0,0.098711437,0.017402661,0.029399556,0.02817426,0.027964121,0.002248175,0.431613847,0.022254061,0.065260135,0.038641242,0.256134719,0.017560941,15.91021907,6173.165
22818291.0,0.189337996,0.027536749,0.042829867,0.067978701,0.070094631,0.017960197,0.410055224,0.035111247,0.042608419,0.126898478,0.080050455,0.016364375,15.87291026,6190.435
22818667.0,0.17691061149999998,0.004107395999999999,0.051129350000000004,0.035554419500000004,0.058097078499999996,0.0034331965,0.5977689365000001,0.032728741000000006,0.042974723,0.053396947,0.2947208805,0.017178723,15.70921964,6079.468
22823134.0,0.191199584,0.023384113499999998,0.04354843,0.04168784,0.068672011,0.0092962505,0.6092101025,0.0265565875,0.065138604,0.0844837715,0.039462978499999996,0.015074238,15.51973585,5757.822
23257280.0,2.356456605,0.117606997,0.099451553,0.16685317,0.122522301,0.198851849,0.792597284,0.039958006,0.143633987,0.116337335,0.067100029,0.010321107,15.49596154,6043.425
22820026.0,0.075309225,0.01546508,0.037386676,0.034799804,0.038187041,0.010176222,0.316628176,0.038545819,0.061853256,0.094313434,0.026352283,0.015976702,15.39671046,6035.5105
22823266.0,0.152937061,0.022248685,0.02892541,0.027559311,0.053121267,0.010325984,0.363433311,0.02508239,0.037988883,0.057678722,0.048629806,0.016888368,15.3749641,5996.236
23257469.0,5.797692928,5.68911463,0.23857881050000002,0.1572538895,1.610935502,0.0002009025,0.9317195155,0.0163555965,0.040467401,0.0876781685,0.3835730915,0.0009536025,15.36550129,5977.18
23257376.0,0.302589659,0.027393535,0.052428493500000006,0.0538573975,0.0728832435,0.0143764945,0.6414486385,0.034762954,0.0869737625,0.09064030049999999,0.0641654235,0.016080347000000002,15.33987212,5997.89
23257092.0,1.9196842715,0.0452275055,0.10060688549999999,0.0807092645,0.12804532200000002,0.035996733,0.7100380150000001,0.028123982999999998,0.1229326955,0.09380870399999999,0.0687968125,0.015737890999999997,15.11799233,5911.135
22817681.0,4.119519503,0.063133355,0.101220693,0.085161427,0.286290262,0.018021072,0.66263494,0.0328305375,0.046967796,0.0358098975,0.19488698599999998,0.010821207,14.73407326,5731.5545
22821217.0,0.208440979,0.0214039055,0.0460203005,0.0377284975,0.06345701100000001,0.0244456835,0.324607468,0.039145602,0.054459607,0.061749989,0.044095532,0.038165949,14.41194487,5620.6585
22820876.0,0.060239008,0.001407123,0.03287803,0.02845341,0.040435472,0.000942225,0.608960439,0.025153225,0.050368048,0.068249429,0.165265525,0.014189426,14.22755995,5577.2035
22825692.0,0.089530211,0.0034621089999999997,0.046059752999999995,0.0310907095,0.035848545499999995,0.0020034995,0.7691445195,0.0289534205,0.09973459949999999,0.1304943655,0.045716718,0.015903334999999998,14.03599233,5488.073
23257449.0,6.624729018,0.591758855,0.121711247,0.101945788,0.324327827,0.147303258,0.753777162,0.091354034,0.0758346705,0.0622272535,0.083192958,0.0151451925,13.95039642,5454.605
22826385.0,2.098013821,0.998416015,0.831633136,0.064386106,0.277076763,0.137926226,0.723616607,0.19370289,0.032874949,0.06381751,0.07716905,0.123119223,13.41935946,4965.163
22953975.0,0.516211336,0.170189682,0.104916606,0.056749652,0.06809520399999999,0.0074434045,0.4703643745,0.3022488325,0.042014269,0.0530259375,0.057495184000000005,0.0077040245,13.33891774,5188.839
22814096.0,0.460755468,0.037928138,0.038010419,0.02349612,0.063403594,0.00608772,0.61025535,0.026681201,0.031751633,0.033264259,0.304058789,0.011693067,13.21104359,5152.307
23256777.0,1.023953523,0.741079439,0.134086074,0.061631408,1.243071844,0.015074267,0.860629925,0.150594524,0.200150192,0.050496365,0.049013755,0.001060308,13.19042308,5144.265
22953685.0,3.824850213,0.066054199,0.041888752,0.04687744,3.713316955,0.0,0.800920752,0.03969629,0.108772783,0.112447693,0.041186528,0.0,13.10375515,5084.257
22823091.0,0.09262538349999999,0.0307295125,0.030750316,0.031540525,0.038825288,0.0144470295,0.1488478795,0.034133847999999994,0.0408990905,0.0404379365,0.025827663,0.0326221545,12.95881714,5066.8975
22819991.0,5.373757723,0.0,0.043949552,0.049174556,0.254851322,0.000736943,0.91514127,0.0,0.064324374,0.138161829,0.123774272,0.003342124,12.68895769,4948.6935
22813616.0,0.145461351,0.033014464,0.033221258,0.036298754,0.047983708,0.002897453,0.602619353,0.111067421,0.016723085,0.032544674,0.191666574,0.013802979,12.54749487,4893.523
22830145.0,0.172811038,0.006977654,0.037846147,0.007758241,0.047087898,0.004776767,0.966581502,0.03561634,0.394236497,0.04845442,0.233084565,0.010556109,12.28013333,4789.252
22818012.0,0.65300695,0.107251517,0.052187779,0.075211515,0.060054011,0.01509808,0.610363308,0.23420712,0.040730069,0.058188625,0.048898094,0.017679855,11.95873711,4639.99
22825393.0,0.631811525,0.000908005,0.0605453495,0.051289908499999995,0.10421474,0.0024712084999999996,0.9866022505,0.0081031615,0.149703997,0.213296716,0.08409242650000001,0.004966429,11.9541359,4662.113
22827525.0,0.551519044,0.026201352,0.112207825,0.070381842,0.122712593,0.016474701,0.5793540930000001,0.031920501500000004,0.0807881855,0.0537969,0.151349727,0.0141692905,11.66524103,4549.444
22818050.0,0.1617920745,0.02921117,0.0444329995,0.049711553,0.0336217145,0.0082756945,0.5494562725000001,0.043203679,0.079666925,0.09758494200000001,0.0506745965,0.0175029775,10.9757289,4291.51
22830738.0,0.123279036,0.035452007,0.020989186,0.018479632,0.045018727,0.002184153,0.398891793,0.060712545,0.062185483,0.022993931,0.188190013,0.016678779,10.95388411,4206.2915
22818917.0,0.477522172,0.065535766,0.0503568425,0.041391042,0.091836766,0.035921429500000004,0.48866576100000003,0.031271601499999996,0.047387823499999995,0.050085362999999994,0.06637210099999999,0.022088311,10.66671594,4149.3525
22818753.0,0.670939961,0.008986412,0.070051151,0.118622111,0.087513956,0.001484871,0.944928367,0.025839082,0.084545192,0.182484354,0.100207935,0.009809131,10.51229337,4120.819
22818729.0,0.220174639,0.054239714,0.031691666,0.044253468,0.057487453,0.014525697,0.235557626,0.169409517,0.041792265,0.036516726,0.041890792,0.01695904,10.45886352,4099.8745
22818049.0,0.411361828,0.029370719,0.051822162500000005,0.050390192,0.0530209495,0.012844086000000001,0.3721439395,0.0421055885,0.074704652,0.0587228735,0.0441330245,0.017806751,10.40798701,4007.075
23257293.0,1.10256382,0.106789656,0.042614918,0.041691011,1.112359385,0.017120674,0.4197106665,0.1473214,0.031516957,0.026093193,0.062484697,0.016338379,10.30674359,4019.63
23257358.0,2.172444479,0.169698527,1.476599986,0.1429413115,0.803004197,0.542484644,0.715728649,0.086703908,0.05983091,0.09607035050000001,0.0568029125,0.0139133405,10.29902813,4026.92
23257316.0,0.924308525,0.098193117,0.070905781,0.046209203,0.13885688,0.072378192,0.847726931,0.255288041,0.081819827,0.069337031,0.011643526,0.001657578,10.10815385,3942.18
22953726.0,4.301596498,0.5219756835,0.094141142,0.0634266545,0.182999926,0.06889026549999999,1.000308401,0.025953868,0.149571731,0.071552936,0.047172915,0.011560182,10.0487289,3929.053
22816079.0,9.529557448,9.529557448,0.0335743495,0.033229231,0.950825633,4.264209149,0.784062314,0.017429254,0.069828461,0.108294362,0.05863103,0.003291515,9.812846547,3836.823
22817207.0,0.256436939,0.028288223,0.053763802,0.05185942,0.063943605,0.012015445,0.492217766,0.028885831,0.081853345,0.087137593,0.061729133,0.017363206,9.798581633,3841.044
23257394.0,3.290499128,0.603272792,0.052116419,0.077314569,0.647054258,0.021446124,0.8685208175000001,0.13114922699999998,0.08256916950000001,0.121896951,0.017584157500000003,0.017389856000000002,9.721551282,3791.405
22819581.0,0.397747043,0.024690969,0.067025389,0.071667295,0.094013255,0.007960426,0.780988994,0.029675682,0.111623153,0.114297472,0.087426498,0.010667109,9.590548469,3759.495
22819551.0,0.617551458,0.028343204,0.134077428,0.018373575,0.108825825,0.007368238,0.635605398,0.038878479,0.091321072,0.065251039,0.18718909,0.015961643,9.392867949,3663.2185
22823753.0,0.358836296,0.041310084,0.079381106,0.056301115,0.092689793,0.026274438,0.367767871,0.040162904,0.061012216,0.047892383,0.04545372,0.018960478,9.388280612,3680.206
22953836.0,0.1170071955,0.0274077135,0.037960254,0.042882262000000004,0.039739233,0.022306384999999998,0.244068002,0.035965187,0.0392618475,0.0710017535,0.023574029,0.0234349815,9.367276215,3662.605
22953687.0,1.173033757,0.23313905750000002,0.099247478,0.1081626455,0.153804235,0.040858395500000005,0.44735363699999997,0.0868791505,0.061962447,0.0570668575,0.050351480500000004,0.022554842,9.065264103,3535.453
23256881.0,0.273734729,0.030134385,0.043690077,0.041824562,0.047576043,0.043010617,0.283849951,0.025098429,0.058674415,0.0505956,0.03406215,0.109325749,8.804679487,3433.825
22821688.0,0.334003671,0.012074685,0.079386714,0.065450925,0.069360896,0.00351718,0.862528259,0.02594282,0.142938172,0.190159179,0.037452792,0.014478914,8.79618863,3404.125
22818168.0,0.4041118495,0.0388665365,0.0513549705,0.054672861,0.079398312,0.0346303025,0.481115281,0.035887195499999996,0.047252908499999996,0.1052387605,0.100349307,0.0355229765,8.731227621,3413.91
22818988.0,0.2053828395,0.021415036,0.0541345085,0.052054752499999996,0.041554967,0.012935702,0.35955302450000004,0.033994249000000004,0.0745766705,0.101434621,0.0745373915,0.0149166685,8.654162404,3383.7775
22826579.0,4.207895706,0.4479462315,0.0484508595,0.046167669,0.070117641,0.048029997500000005,0.7206098085,0.046658331,0.077166226,0.1024640875,0.025402388499999998,0.012635875500000001,8.539167519,3338.8145
22820218.0,0.6759527000000001,0.046639785,0.052871039,0.057942476,0.199744688,0.024359782,0.6973666985,0.021575885,0.02994192,0.1231346345,0.100866077,0.010995672500000001,8.494872123,3321.495
22830806.0,2.635218336,0.052018266,0.070974532,0.064627106,0.1058763,0.0058025985000000006,0.5719308670000001,0.016819841000000002,0.0377051565,0.0374132235,0.1713930525,0.011862241499999999,8.259314621,3163.3175
22953747.0,0.356639831,0.033553516,0.140454879,0.017922584,0.041031923,0.009918676,0.297210554,0.051741996,0.093380749,0.060800393,0.045126817,0.035483301,8.207066667,3200.756
23257083.0,1.793074355,0.1320012535,0.0946936145,0.072374127,0.194974249,0.02888106,0.567007613,0.037180659500000005,0.101697765,0.0579882695,0.042970862,0.016446759499999998,8.155230179,3188.695
22828217.0,2.860599541,0.041927056,0.019737179,0.015017779,0.027062561,0.021636572,0.433218961,0.04324003,0.032458897,0.013892427,0.131049853,0.002545146,8.132420513,3171.644
22827957.0,0.4617359685,0.0575853645,0.0978997905,0.02858492,0.0668437915,0.031862337500000004,0.302728696,0.0550650505,0.072295147,0.0624873675,0.068639888,0.0878355905,8.075136829,3157.3785
23257027.0,0.16441829,0.034470902,0.031926537,0.028290666,0.052516943,0.005828991,0.442698705,0.080910464,0.029868243,0.044870955,0.043217366,0.016826332,8.060205128,3143.48
22821247.0,0.218470649,0.023834006,0.048761309,0.035459251,0.034728182,0.002386648,0.880401986,0.023812923,0.140760877,0.195873854,0.02324095,0.015891714,7.999719231,3119.8905
22818935.0,0.158459159,0.008133857,0.044886631,0.040518882,0.041999404,0.005817411,0.638855828,0.036578734,0.095702392,0.143845539,0.0197041,0.01720812,7.831960256,3054.4645
22818781.0,0.239508709,0.020851615,0.059973031,0.053954516,0.030582182,0.00555339,0.436264162,0.031838116,0.083604506,0.059095536,0.020966937,0.014881264,7.818826816,2799.14
22827509.0,4.783460121,0.076193236,0.114292312,0.184200193,0.158991073,0.014473894,1.0925565595000002,0.1883357085,0.18296820600000002,0.030818651,0.018971541,0.0011230749999999999,7.705485897,3005.1395
22818686.0,0.170188109,0.0447904315,0.039045421999999996,0.029005990000000002,0.054149899,0.013507558499999999,0.43692686950000004,0.07826126550000001,0.031403682,0.0287772695,0.037925178500000004,0.011740054,7.701132992,3011.143
22822486.0,0.9615722115,0.0133687725,0.0619030015,0.0644525985,0.0574077635,0.0084393385,0.823928577,0.0289178735,0.1545159705,0.1335912,0.0297888665,0.0120027385,7.688367949,2998.4635
22828955.0,1.433833969,0.047983797,0.033356514,0.027011969,0.059218472,0.038104816,0.564367803,0.047665246,0.03286888,0.025307063,0.22770888,0.008179948,7.622199488,2980.28
22827201.0,2.241533518,0.031239659,0.063555435,0.048506288,0.093712567,0.018014578,0.466328369,0.021026019,0.041225149,0.051945582,0.21090706,0.01486354,7.560340617,2940.9725
22823081.0,0.530853001,0.011728454999999999,0.048265415,0.048606764499999996,0.261395137,0.006556706000000001,0.9064820165,0.033622971,0.07776229700000001,0.0845276425,0.3130155915,0.014351497500000001,7.540434783,2948.31
22818104.0,1.330751061,0.528520789,0.103682102,0.096519694,0.579330904,0.330997473,0.775052609,0.042749974,0.069966653,0.047871328,0.08999904,0.009764991,7.439590164,2722.89
22820552.0,6.340336851,2.987139247,0.152533403,0.227108994,0.776535758,0.000682035,1.182084767,0.141569294,0.126154837,0.264376097,0.219233993,0.007991074,7.342045918,2878.082
22825626.0,6.475777246,0.02726626,0.0952289995,0.2568468725,0.886618784,0.027483842,1.0896813975000001,0.018408786,0.048598991,0.094340869,0.225614145,0.010479081000000001,7.1795,2807.1845
22818301.0,0.43067437750000004,0.0846231305,0.103862181,0.025126185,0.036871881,0.0088959415,0.3793576155,0.0916222435,0.082264901,0.0566510525,0.060228073,0.022119271,7.133817481,2775.055
22823532.0,3.893522187,3.17352095,0.066394358,0.099153429,0.561620086,0.020346403,1.007396848,0.01570383,0.044743317,0.227830345,0.29164886,0.011254021,7.07125641,2757.79
22819834.0,0.074803703,0.001673457,0.026824734,0.034750927,0.03390937,0.001222042,0.766302002,0.0307733,0.076883433,0.148128132,0.154160564,0.016672235,7.05990051,2767.481
22819800.0,1.097670088,0.019696931,0.059310463,0.147152723,0.192993031,0.00557326,0.891390547,0.033327747,0.066175219,0.200811913,0.11317488,0.013435769,6.996656888,2742.6895
22828745.0,2.714894853,0.065433194,0.159213976,0.182895047,0.383265919,0.106089512,1.1513125419999999,0.02131441,0.06547062649999999,0.0608433755,0.080643137,0.18197926749999999,6.932179348,2551.042
22820870.0,2.490804685,0.0613432765,0.082343946,0.0625778855,0.2386470695,0.0699378375,0.6620013680000001,0.036071396000000006,0.0707544085,0.0524904865,0.15559476849999998,0.009792636,6.817241071,2672.3585
22818132.0,1.765849928,0.13547944,0.247697245,0.205700695,0.164321594,0.34362913,0.753695127,0.035453756,0.079199788,0.056256259,0.224848048,0.014746352,6.724424552,2629.25
22954080.0,0.8395444759999999,0.18377359599999998,0.0765681045,0.0353559455,0.2791890385,0.0044043269999999995,0.7810240625,0.35135421850000004,0.0747938625,0.0581535225,0.33183572,0.015939285499999997,6.71570844,2625.842
22818102.0,5.846438775,0.208099764,0.048538099,0.049451986,0.464331787,0.019530778,0.7423629270000001,0.015670316,0.058298549500000005,0.1029190355,0.079494057,0.0013322605,6.702874332,2506.875
22818195.0,0.296889331,0.0257707255,0.109498088,0.0194710885,0.029749776999999998,0.016622364,0.29196032650000003,0.030070916500000003,0.108845363,0.055298116,0.0545038085,0.0846633725,6.698056266,2618.94
22822114.0,2.387938586,0.012068566,0.079847159,0.08265931,0.193149843,0.039663343,0.840513644,0.017619718,0.071093836,0.137931657,0.180502749,0.011756593,6.677153061,2617.444
23257051.0,0.962512029,0.476163086,0.1159473575,0.082755577,0.522095128,0.041954912999999996,0.705284052,0.0357457715,0.07067608850000001,0.049910091,0.18769883599999998,0.0172200265,6.652262211,2587.73
22825373.0,0.03207394,0.002567983,0.010718592,0.009085521,0.023214801,0.00180759,0.354121301,0.040102515,0.055561332,0.013380459,0.286471472,0.013302578,6.577700767,2571.881
22821646.0,1.746634099,0.013344478,0.062848979,0.087788096,0.15537602,0.023892187,0.688868872,0.01046602,0.035593553,0.063636208,0.16218245,0.026198793,6.560349105,2565.0965
22825489.0,0.628356331,0.109867479,0.116816543,0.040704291,0.162319944,0.019040789,0.474645126,0.126261812,0.076692112,0.059436146,0.122022572,0.01124867,6.541339744,2551.1225
22813977.0,0.142581783,0.0246217725,0.0458234665,0.0208282765,0.039117617,0.0059151080000000005,0.17205152299999998,0.0202702385,0.062023481000000005,0.0340568645,0.0632830095,0.0147889925,6.521936061,2550.077
23256787.0,0.451095411,0.066514367,0.098827033,0.05193654,0.095733391,0.021188199,0.359658159,0.087542871,0.055462143,0.050756302,0.078421225,0.013690113,6.506871795,2537.68
22830870.0,4.729728169,0.1191941145,0.0475972705,0.0333832,0.0502489285,0.016168163,0.670403825,0.125851664,0.015338772,0.043079888,0.186919197,0.010727425,6.414534483,2418.2795
22814766.0,0.50907309,0.08627563,0.052654607,0.084274407,0.089288856,0.019834582,0.352265681,0.134371641,0.059541647,0.062953948,0.058531135,0.018929049,6.410623077,2500.143
22821836.0,2.158576619,0.422919556,0.052785211,0.050534571,0.236030312,1.13366213,0.623471619,0.02255334,0.073407315,0.104996846,0.065100562,0.011266308,6.38780102,2504.018
22820275.0,1.348248944,0.014565343,0.090293694,0.097924038,0.378169091,0.006147533,1.160931059,0.036219808,0.078792491,0.08901058,0.395039759,0.015806765,6.28055,2449.4145
22819097.0,0.79559388,0.047103514,0.109337722,0.07141197,0.079539012,0.027201238,0.586044158,0.073245153,0.073979767,0.051996088,0.055721763,0.018003222,6.251565051,2450.6135
22817974.0,0.646477553,0.10284550949999999,0.06307135999999999,0.0376661025,0.039288229,0.10297723,0.5187518600000001,0.2867982135,0.039641800500000005,0.042667192,0.13531377249999998,0.012891232999999998,6.208026667,2328.01
22823112.0,0.1321775805,0.019240005999999997,0.0417470275,0.0316496145,0.0283053085,0.0145979795,0.249390146,0.038058151,0.078060837,0.061778539,0.014938972,0.019571924,6.186281491,2406.4635
22823095.0,,1.055907539,0.651774566,0.514998669,0.480425411,0.192783408,1.233043657,0.472856695,0.187773146,0.088729923,0.138414889,0.004030522,6.105423387,2271.2175
22820420.0,1.735639185,0.214924499,0.545447998,0.284138147,0.179991254,0.335811704,0.896283944,0.354792864,0.059544928,0.094793153,0.169482963,0.111726479,6.088882653,2386.842
22825644.0,0.130751441,0.022019017000000002,0.014455926000000001,0.0130364605,0.026089325,0.020052850499999997,0.3189851465,0.0176515115,0.054223303,0.021401582000000002,0.1840378805,0.0130077315,5.864456522,2293.0025
22828215.0,3.904743829,0.020199555,0.043648882,0.0711353385,0.084641776,0.004784109,0.622576397,0.011946872,0.03953536,0.066764948,0.2138775,0.002922869,5.82935422,2279.2775
22821315.0,0.27942572,0.029638755,0.056646081,0.030541312,0.057986276,0.010630491,0.280233873,0.024562027,0.070707054,0.057697172,0.173458699,0.022935521,5.764996173,2259.8785
23257118.0,0.770269451,0.050673505,0.081857753,0.07252858,0.104690759,0.02155168,0.570388379,0.03325596,0.051736619,0.057045233,0.076706506,0.01460799,5.747818878,2253.145
23256862.0,0.24857382249999999,0.020718451,0.066694848,0.034501129500000005,0.0739452055,0.007444117,0.533523539,0.0185296255,0.094785303,0.041394649,0.0870850465,0.016626196500000003,5.716118252,2223.57
22821063.0,6.002330297,0.01673641,0.055726396,0.043894548500000005,0.086374836,0.0,0.836841163,0.0090578805,0.1311679885,0.076589137,0.0658868735,0.0,5.714105128,2228.501
23257157.0,1.612229984,2.867472745,0.208098796,0.042445519,0.118096873,0.049408295,0.620410321,0.035680466,0.081287663,0.063716901,0.068364418,0.013771163,5.656846154,2206.17
22819954.0,2.146068596,2.470143915,0.197604922,0.123909331,0.215017207,0.355794848,0.828205275,0.118459956,0.0829474,0.085492279,0.064084687,0.006861385,5.651395408,2215.347
22830753.0,0.791543876,0.071327723,0.05000137,0.024571394,0.090195437,0.00471351,1.359251636,0.040573709,0.068628006,0.036134314,0.078951868,0.015033624,5.610746094,2154.5265
22814921.0,0.5827763465,0.0229120885,0.09360631850000001,0.0599438665,0.08888812,0.004179631499999999,0.9544930620000001,0.0228022605,0.2285668795,0.0806351535,0.08501877899999999,0.010906864,5.606882353,2192.291
22813291.0,0.0791714355,0.0146944075,0.0177580055,0.021697462,0.030413648,0.0174913025,0.18406221350000002,0.0146459085,0.058340624,0.0388922175,0.036406799000000004,0.09117921849999999,5.566358056,2176.446
22822021.0,0.367699891,0.00658808,0.079675515,0.060522806,0.135840025,0.00476425,0.775992809,0.034134832,0.118333157,0.056783189,0.158262112,0.017197765,5.547043478,2168.894
22825844.0,0.394503564,0.008744212,0.100667562,0.07193163,0.032822502,0.004841717,0.712004884,0.03478675,0.087392255,0.12756901,0.034368701,0.018066321,5.537467949,2159.6125
22813402.0,4.665496013,0.76602628,0.077698513,0.051764493,0.08552325,0.033933638,0.559327981,0.013015876,0.048713971,0.033443274,0.258585035,0.013076897,5.528218112,2167.0615
23256827.0,1.343446844,1.687369867,0.057531008,0.059439058,0.344378051,0.048635206,0.51542772,0.069099685,0.035468476,0.082775557,0.031170914,0.010879016,5.464107143,2141.93
22820071.0,0.660206228,0.039867695,0.09600741,0.06978696,0.125569176,0.019195985,0.659809261,0.03143598,0.089349219,0.057494847,0.089668163,0.017003559,5.442316667,2122.5035
22823799.0,0.1585662315,0.024764188,0.031601802,0.025055537000000003,0.035314823999999995,0.01299651,0.35143833599999996,0.0357729755,0.0744133625,0.056919541500000004,0.0236831165,0.0173191935,5.420417092,2124.8035
22828326.0,0.560609174,0.044303463,0.102871231,0.076717761,0.089850382,0.009275214,0.513956669,0.028783644,0.043159598,0.030400751,0.215783284,0.015122316,5.413469231,2111.253
22825503.0,0.03289397,0.016513156,0.021154525,0.022996614,0.026237865,0.003378541,0.174086622,0.096754497,0.06784009,0.042371441,0.032973982,0.018261477,5.349365385,2086.2525
22954114.0,0.1883057645,0.02525727,0.066297813,0.052891934,0.049410458500000004,0.016330793500000003,0.202237875,0.025768028,0.062534451,0.056486105,0.043599332,0.032909173,5.325928389,2082.438
22821199.0,0.53423602,0.030344376,0.065907522,0.034601342,0.009296881,0.000684909,1.0623066175,0.0416884155,0.26012500699999996,0.119925531,0.015775196,0.0102402325,5.321475389,2054.0895
22820834.0,4.86875509,0.387181469,0.0731545,0.095753096,0.116152085,0.008469265,1.6712280025,0.0701948375,0.07501925649999999,0.051553136,0.088895226,0.012456579499999999,5.314735294,2078.0615
22821601.0,2.752215761,0.865654875,0.1280135205,0.1277558435,1.61045214,0.5779096735,1.043184761,0.0102858895,0.13062084000000002,0.1012157505,0.0510071285,0.0061444625,5.295882051,2065.394
22820520.0,0.403087773,0.026469575500000002,0.09618457899999999,0.074124484,0.053602609499999995,0.0145269865,0.7555452175,0.03322192,0.0875554345,0.071996222,0.0452155595,0.0177475205,5.289210997,2068.0815
22814527.0,0.606807606,0.105092684,0.0663353,0.035979389,0.054561491000000004,0.0069202645,0.680716175,0.27158205950000003,0.0820060235,0.0639981535,0.07292324850000001,0.015136024,5.283983376,2066.0375
22819476.0,0.995362507,0.071486976,0.176845043,0.053682942,0.124958267,0.016630388,0.884442498,0.048078417,0.115718138,0.055954244,0.098004735,0.013342197,5.272696429,2066.897
23256967.0,0.539741103,0.007498501,0.072178887,0.044787904,0.073126021,0.005911371,0.8050330425000001,0.0257733105,0.11399231900000001,0.1461338815,0.069192767,0.0050906455,5.154461538,2010.24
22829417.0,1.620407455,0.016377658,0.14574989,0.204818372,0.235091645,0.02052314,0.955122582,0.026195392,0.079729118,0.054403335,0.244660137,0.014135787,5.135267949,2002.7545
22822539.0,4.176195589,0.075474484,0.036610151,0.031783721,0.101089058,0.0,0.656119603,0.027768688,0.058248772,0.05136132,0.13495306,0.0,5.125925641,1999.111
22817556.0,0.823811002,0.0720351075,0.0561176545,0.028149696000000002,0.061190424,0.011345435000000001,0.485146356,0.073271973,0.029047494,0.018929781,0.131653584,0.010000116,5.116192308,1995.315
22829988.0,4.028036256,2.580562,0.148130761,0.786673195,1.286868223,0.0540481,0.7400210279999999,0.13691643850000002,0.028121566,0.038652959,0.2021174005,0.0077906645,5.106632653,2001.8
22813042.0,0.4862773205,0.055536973,0.1105634985,0.028645999,0.09304241699999999,0.0224915265,0.3478052485,0.061823271,0.0695353575,0.0592939415,0.0592791245,0.07186862699999999,4.877772379,1907.209
23257182.0,1.455101155,1.120482826,0.084630595,0.080208726,0.707815162,0.299506429,0.463074631,0.033073484,0.059205887,0.098984597,0.048654208,0.014852755,4.846974359,1890.32
22819700.0,0.391847199,0.023031841,0.069684736,0.058088505,0.064134435,0.007731097,0.6527926319999999,0.0314126415,0.080870107,0.073681422,0.0487233895,0.0170881295,4.812252747,1751.66
22813195.0,6.549114118,0.0590855995,0.056418187999999994,0.043450946,0.143433751,0.0,0.702888891,0.0235193915,0.056815873,0.0527190615,0.16107270299999998,0.0,4.800503836,1876.997
22823764.0,0.3273637385,0.0423188825,0.0343562575,0.042302203,0.07991050999999999,0.0210353195,0.2481522595,0.08120831349999999,0.06635840700000001,0.047363169499999996,0.0705234485,0.022989607,4.77760992,1782.0485
22826500.0,0.188517168,0.007927265,0.090771706,0.05286545,0.044705635,0.005057697,0.761509964,0.038246052,0.133834439,0.219317927,0.029037739,0.016044876,4.753552564,1853.8855
22814924.0,0.532966592,0.068304247,0.078284906,0.041245189,0.087120273,0.008825102,0.458956231,0.062151001,0.058579339,0.035578662,0.060602319,0.008002079,4.732442159,1840.92
22820494.0,2.48490665,0.0090871605,0.1239499755,0.118180381,0.352630185,0.0157880355,0.9446854355000001,0.004130023,0.0865774875,0.11517358999999999,0.1002582795,0.0022182284999999998,4.700426923,1833.1665
22814228.0,3.262885631,0.034148241,0.080931771,0.043848325,0.217834593,0.008484769,0.7420155155,0.031510924,0.07477506,0.050235387500000006,0.183910162,0.014990342,4.689397436,1828.865
22826315.0,3.399760136,0.007026076,0.041527899,0.043153857,0.164462781,0.008244549,0.846009518,0.010263216,0.064663284,0.136003596,0.125789057,0.006048733,4.626357527,1721.005
22953883.0,2.823402411,0.057181723000000004,0.2974248995,0.167247249,1.588758689,0.0,1.1635681875000001,0.027620529999999997,0.1400352115,0.0459646825,0.134316683,0.0,4.545344388,1781.775
22820048.0,0.214408511,0.01260338,0.059701285,0.060337871,0.082735642,0.012041316,0.55218113,0.03943248,0.083314267,0.104814268,0.052779583,0.017957251,4.54090051,1780.033
22818033.0,0.693578766,0.461357695,0.037268912,0.04012053,0.084346322,0.061429262,0.388455603,0.031295147,0.080380824,0.079114458,0.043766574,0.019460863,4.530191327,1775.835
22823822.0,0.4315509615,0.019674683999999998,0.0693473525,0.1044221095,0.0791810925,0.0138524175,0.43445075099999997,0.032195336000000005,0.081089299,0.11032183849999999,0.0598458975,0.0168340755,4.527060102,1770.0805
22830401.0,3.88841314,0.420241616,0.417857622,0.030543082,0.402532315,0.01956777,0.946889101,0.078883537,0.270468193,0.06135607,0.256064383,0.010314059,4.488498724,1759.4915
22816495.0,2.798317414,0.540519379,0.512986704,0.042393532,0.087460343,0.025839208,1.353928927,0.138015058,0.683458019,0.051840574,0.067237288,0.008528306,4.472378827,1753.1725
22813039.0,1.085665223,0.007913666,0.079881089,0.087887988,0.157435005,0.006564155,0.941698481,0.023885956,0.067840757,0.108319766,0.203246486,0.013515677,4.456253846,1737.939
22819458.0,0.507929787,0.0483037,0.066220307,0.06778654,0.094525403,0.01486559,0.52943934,0.070668954,0.060029009,0.045935911,0.070245443,0.01279871,4.422758312,1729.2985
22823716.0,0.071295254,0.020562842499999998,0.017830532,0.0184816705,0.0271516405,0.010681032,0.103150627,0.018421404,0.051389419,0.021051185,0.016600142499999998,0.0695207525,4.417006394,1727.0495
22814369.0,0.300310546,0.03471657,0.044283104,0.03109138,0.077558098,0.01757249,0.49368703550000004,0.019730373500000002,0.033412011500000005,0.0210273835,0.255872657,0.013294149,4.406960256,1718.7145
22825386.0,0.911724097,0.464642552,0.096533523,0.120690357,0.55307414,0.318874071,0.968052087,0.024497307,0.107797629,0.079272952,0.048092472,0.012868444,4.401358247,1707.727
22820644.0,0.3593541735,0.034216424499999995,0.046553681,0.0611423275,0.063918502,0.0201001845,0.3679382715,0.033470377499999995,0.06850978099999999,0.0978448205,0.033668549500000006,0.01971024,4.399459948,1702.591
22827539.0,1.0858626265,0.0023003095,0.1589342335,0.078501022,0.17593941400000002,0.035230487000000005,0.979416885,0.0147181015,0.2863662715,0.0473593415,0.0824414395,0.044712169999999996,4.338245524,1696.254
22828214.0,0.271581049,0.0420339045,0.0621979375,0.043901431000000005,0.054832341,0.007522243499999999,0.4459927565,0.058618998,0.058822889,0.0528187345,0.043337555,0.0154499585,4.215159439,1652.3425
22819518.0,0.186723517,0.004475406,0.037127525,0.043229067,0.055036114,0.0030451,0.660278258,0.033942082,0.058801653,0.077148919,0.229753908,0.017518497,4.172951282,1627.451
22816074.0,0.02301112,0.0065750035,0.0073725430000000005,0.0075709265,0.0168077325,0.0006908075,0.4949253805,0.015911005,0.027273632,0.027018163499999998,0.1761322505,0.016416116,4.164323529,1628.2505
22828046.0,0.608516038,0.082492254,0.251690274,0.023627452,0.104749287,0.013775479,0.397816951,0.068582855,0.172400851,0.061559828,0.053487226,0.062255665,4.159167526,1613.757
22825535.0,0.23070709,0.013352398,0.068440526,0.042780208,0.030361002,0.005452089,0.752732744,0.037046711,0.138410135,0.084816589,0.022167661,0.017353861,4.138435897,1613.99
22825936.0,0.4584103275,0.062173717,0.0498749635,0.036136329,0.032145820000000006,0.004377163,0.705147765,0.2549206255,0.07575902849999999,0.045978754499999996,0.043689832,0.016377154,4.09955243,1602.925
22822874.0,0.546872784,0.091400816,0.108305269,0.028191083,0.071899886,0.014572068,0.408259219,0.143259937,0.075807308,0.049702831,0.046878181,0.014489957,4.079516484,1484.944
22822554.0,2.735988304,0.017672211,0.07048797100000001,0.074761011,0.22625373199999999,0.013261797499999999,0.7970110925,0.0044460425000000005,0.052961210999999994,0.09450623250000001,0.1255155585,0.002480247,4.037038363,1578.482
22820874.0,1.576464656,0.026953413,0.022624425,0.024000301,0.052320452,0.012349521,0.511126933,0.030439887,0.041766487,0.044997377,0.187879997,0.01567469,4.03588648,1582.0675
22821805.0,0.890345321,0.010343095,0.096991641,0.081803532,0.047220986,0.006024138,1.1108685485,0.012012781,0.19047780050000002,0.13193271099999998,0.0157952325,0.0071858140000000004,4.012044872,1564.6975
22825724.0,0.553303031,0.05372636,0.189582009,0.030901311,0.077568223,0.024786075,0.397692895,0.036474066,0.0772334505,0.061022840999999994,0.08032062449999999,0.044315055500000006,4.00714359,1562.786
22816081.0,1.297702534,0.09963614949999999,0.1842816405,0.0879305055,0.4473884375,0.021044776,0.8401427495,0.041323602,0.07820350549999999,0.0593713995,0.34010628099999995,0.0125374525,3.995258312,1562.146
22818193.0,1.064855634,0.638103986,0.092332568,0.08062821,0.1064526395,0.022594220999999998,0.5325349725,0.036241662,0.1259357095,0.1226599515,0.0422940325,0.0175148,3.982787724,1557.27
22813188.0,0.054564247999999996,0.0020309975000000003,0.015417335,0.0226209395,0.023852555499999997,0.0017884049999999999,0.6042095439999999,0.037284292999999996,0.0391283675,0.0567553635,0.30562461949999997,0.0181691725,3.932810742,1537.729
22817489.0,0.911585692,0.115984924,0.051938187,0.026382321,0.091973237,0.015989981,0.314245481,0.111077287,0.048441164,0.039102459,0.061797725,0.030137466,3.907461538,1523.91
23257122.0,0.72021157,0.028772799,0.036048907,0.139135545,0.065607913,0.023554095,0.550309779,0.041076286,0.075280006,0.066855008,0.025444203,0.04327673,3.852053571,1510.005
22953976.0,0.179735972,0.021620766,0.042835688,0.043239686,0.040999181,0.008711814,0.44316153,0.029738506,0.076032329,0.08230636,0.026047433,0.018027559,3.810587179,1486.129
22821909.0,,1.086023935,1.220770512,1.227148955,0.926678488,1.327795055,1.553968606,0.632866232,0.091353499,0.170843954,0.338867914,0.092862256,3.7487,1461.993
22830616.0,3.96448607,0.012583843,0.013868891,0.013256883,0.034425332,0.0,0.623002149,0.031945101,0.022168238,0.029309577,0.211269623,0.0,3.741359536,1451.6475
22829843.0,3.531696981,0.0885587115,0.2717143105,0.069638799,0.571115772,0.0196082095,1.450084407,0.029144728,0.28802971,0.062925306,0.357324091,0.011789632,3.73858312,1461.786
22821065.0,0.119354584,0.032086749,0.026772528,0.029816801,0.039536962,0.011394169,0.267279856,0.13765595,0.025059441,0.03297181,0.047677675,0.01292893,3.698637755,1449.866
22817338.0,0.341079173,0.0216003435,0.0339588475,0.0315398405,0.070689996,0.005777011,0.46354203299999996,0.031180114000000002,0.043535889,0.0357561495,0.211043537,0.007023227,3.688875,1446.039
22822978.0,0.443752709,0.007143748,0.083499366,0.062300737,0.082326956,0.004161119,0.8155564175000001,0.036111913999999995,0.08078967749999999,0.056737273000000005,0.1370291455,0.01783467,3.682679245,1366.274
22816494.0,0.2417849895,0.021455035,0.033319761,0.038668657499999995,0.07502368400000001,0.0080481165,0.455831162,0.0301968715,0.031608188499999995,0.041784573000000005,0.196092665,0.012399602499999999,3.678457801,1438.277
22825506.0,0.8710518305,0.004927684999999999,0.086452623,0.09597605249999999,0.1585193425,0.0023417075,1.069652767,0.01647924,0.079205312,0.1580394425,0.2457603855,0.0099401795,3.658284615,1426.731
22819521.0,0.17066480950000001,0.0007937759999999999,0.042338197,0.0297206565,0.0416288195,0.000563666,0.917153081,0.01811924,0.062423186,0.142015994,0.277230268,0.010479178,3.610610969,1415.3595
22825078.0,3.003756552,0.068743159,0.054173738,0.070041199,0.093673886,0.0124874,0.6098617040000001,0.0355151095,0.058977089999999996,0.050200584000000006,0.1314530815,0.0038019475,3.549579487,1384.336
22822174.0,0.1910303955,0.0172675685,0.0514819205,0.034174194000000005,0.0275355185,0.004911238,0.486996292,0.0620105455,0.08278366000000001,0.061129129,0.016822653,0.0170311115,3.5239375,1381.3835
22817306.0,1.39091675,0.084145839,0.0971227995,0.0882511465,0.131990595,0.026539602000000002,0.612122894,0.036291825,0.0675890085,0.050946052,0.081694244,0.017636764,3.522608696,1377.34
22816583.0,2.866218789,0.10884429,0.036528196,0.028385941,0.086005464,0.367624535,0.483762525,0.10414913,0.052321017,0.027316944,0.071037376,0.037100746,3.51502551,1377.89
22830825.0,3.884613743,0.026806888,0.134000828,0.08044726,0.191493298,0.011936581,0.7351725235,0.028668903,0.1229104075,0.0626559815,0.1022097805,0.0115781645,3.465284031,1323.7385
22953876.0,0.388247276,0.032614964,0.024499749,0.02257086,0.061557318,0.000662912,0.428156239,0.099163893,0.034841105,0.03755055,0.153122672,0.005182151,3.418048469,1339.875
22822299.0,2.132053216,0.0826741825,0.0540133125,0.0331069065,0.103233569,0.0,0.545810137,0.041570391,0.04468243,0.021767154,0.204457957,0.0,3.319658163,1301.306
22826189.0,4.446209979,0.251038998,0.062865238,0.115568382,0.14256797,0.017651392,0.9105274895,0.0419347165,0.0573308305,0.075483212,0.18173909249999998,0.013510146,3.290029487,1283.1115
22821656.0,0.233946105,0.03651315,0.03132625,0.028582431,0.030231016,0.00314982,0.3056246375,0.020626697,0.038666482,0.0239055175,0.206232083,0.002937916,3.210629156,1255.356
22813379.0,2.038115329,1.197925857,0.20861629599999998,0.09096645,0.4683175125,0.964826177,0.782169713,0.027978699500000002,0.0660995255,0.060844281,0.249547628,0.009765949,3.136103581,1226.2165
22821783.0,0.134051874,0.01903118,0.023678748,0.020333277,0.04115916,0.002454659,0.5114803645,0.07657850499999999,0.031459809000000005,0.0567221885,0.0463807295,0.015733353,3.118567602,1222.4785
22819302.0,1.1670513405,0.210521639,0.152015627,0.017537842,0.0424906845,0.0096861185,0.5605405674999999,0.1146093185,0.2149223425,0.063309112,0.040827129,0.009674282499999999,3.103962916,1213.6495
22827889.0,0.59113817,0.050533173,0.06294059,0.065004453,0.109967112,0.006041336,0.587894893,0.043160531,0.045637451,0.030164904,0.193295044,0.016060577,3.099048469,1214.827
22826907.0,3.323009462,1.217799843,2.912535338,2.426271321,2.950498036,0.012525801,1.040750126,0.019118676,0.081342289,0.137092741,0.282775926,0.004591674,3.092242308,1205.9745
22821617.0,0.567234656,0.032356578,0.064759537,0.059161163,0.084753591,0.031910109,0.543654949,0.028092685,0.06834739249999999,0.059126741,0.061581856,0.0128150655,3.091496164,1208.775
22828209.0,0.64914689,0.039634673,0.08340928,0.073124889,0.116191585,0.005005716,0.6234179795000001,0.0367452305,0.0787257455,0.0605474535,0.0803604195,0.017497203000000003,3.086197704,1209.7895
22829342.0,0.26389743899999996,0.0309273875,0.05305398,0.026162909999999998,0.072781232,0.007302993,0.4008181545,0.035712231,0.0500822635,0.054860369500000006,0.098195876,0.01806672,3.02186445,1181.549
22821439.0,1.326249045,0.050528272,0.062014661,0.094957618,0.125289812,0.079046617,0.720411155,0.035208773,0.0773602695,0.1265871495,0.0558243155,0.08365816400000001,3.016334615,1176.3705
22825981.0,0.489659197,0.028799411,0.259043306,0.014268964,0.046235137,0.011858255,0.643288634,0.030219887,0.277812895,0.060255222,0.143716664,0.017205519,2.983523077,1163.574
22829706.0,3.727528786,0.07258312350000001,0.1081926465,0.0533837065,0.4179152475,0.019608055,0.759010717,0.037481218499999996,0.075520423,0.043952889499999995,0.11893743000000001,0.012273196,2.972644872,1159.3315
22829804.0,0.146209156,0.0277690185,0.031698917,0.037118869,0.068512055,0.0034621260000000003,0.335977227,0.041643021,0.0499238235,0.037625437,0.194180436,0.016220217000000002,2.926826087,1144.389
22821824.0,4.824938937,0.085899887,0.182933041,0.262811112,0.082650657,0.025189929,0.956264504,0.0268127235,0.10634159,0.1535213665,0.07558086750000001,0.015296704000000001,2.921621173,1145.2755
22823445.0,0.553215863,0.012928709,0.050448043,0.063888195,0.080327821,0.008478918,0.5584541155,0.0404180595,0.0665169525,0.056378905,0.15663696500000002,0.0176257205,2.918589286,1144.087
22825145.0,1.153731418,0.088008615,0.090529371,0.072939137,0.500084206,0.055420595,0.390652891,0.045190729,0.046107847,0.057313326,0.037925724,0.073886361,2.849709184,1117.086
22817386.0,0.149360527,0.006465373,0.025169627,0.023797764,0.064421987,0.004108751,0.402254957,0.040187363,0.045798269,0.025652389,0.275713354,0.018092495,2.840709184,1113.558
22819642.0,0.012166314000000001,0.0038297484999999997,0.0035052015,0.005911773,0.011493538000000001,0.0,0.5765952299999999,0.058697729000000004,0.03765944,0.013798198,0.22331123,0.0,2.792753827,1094.7595
22825648.0,2.070195625,0.921082727,0.941052004,0.788974312,0.680251394,0.01430843,0.6155202325,0.0900135985,0.2014715375,0.053507596000000004,0.067974111,0.047879228499999996,2.748867008,1074.807
22825510.0,0.34909594,0.01487351,0.037140366,0.036408819,0.053806245,0.01190382,0.889886798,0.021976087,0.076840071,0.180483338,0.072214373,0.01233306,2.726017995,1060.421
22813448.0,1.2848836184999999,0.027367038,0.114680717,0.060433693,0.16263541850000002,0.0273484005,0.7605310085,0.036965812,0.08334436849999999,0.0565772425,0.124758678,0.0160020205,2.723382051,1062.119
22815933.0,0.215839757,0.035376297,0.0347858885,0.026842563,0.0462754115,0.006209141499999999,0.488406154,0.0220965015,0.045496999499999996,0.024071723500000003,0.226582382,0.012133788,2.717373402,1062.493
22822879.0,4.410154885,0.628585622,2.321694666,0.712081554,0.794216489,0.003257272,1.880476947,0.269594389,0.258064242,0.054312291,0.630815639,0.017649265,2.716947436,1059.6095
22830822.0,0.629798034,0.004269568,0.025369136,0.020411126,0.050280843,0.002985915,0.720553849,0.02816929,0.076997541,0.031169933,0.463639206,0.015630605,2.705086387,1033.343
22818808.0,3.114366267,0.185005993,3.377599837,1.873680378,0.236078554,0.036387825,1.224715783,0.014719011,0.221255568,0.042973453,0.185453911,0.035958721,2.687028351,1042.567
22826512.0,1.260338769,0.743039604,1.395574247,1.095750366,0.7914591950000001,0.168881558,0.7523929825,0.3108858445,0.024399940000000002,0.041505278,0.230035027,0.024115567,2.639003856,1026.5725
22830412.0,3.650276197,0.903392897,0.378806132,0.067070289,0.348635104,0.076650566,0.750728458,0.026566569,0.088665594,0.050330817,0.07740541,0.218050413,2.628808184,1027.864
22813991.0,0.84497094,0.034628243,0.083241588,0.013292357,0.115346873,0.010226989,1.20039086,0.070186287,0.087103198,0.05835877,0.064598509,0.016492501,2.626478316,1029.5795
22826908.0,0.366841006,0.030175821999999998,0.062270820000000005,0.043635048,0.075921477,0.008831358000000001,0.621926918,0.028044504999999997,0.0896886145,0.058629029,0.085782672,0.016543581,2.625180307,1026.4455
22813217.0,1.743338131,2.361563396,0.18615182,0.089713767,0.408708333,0.388417873,0.993160337,0.1211565825,0.1398195475,0.0548236995,0.2244402165,0.016384661000000002,2.604381074,1018.313
22825329.0,0.779834716,0.213720156,0.042505818,0.027199278,0.092438576,0.077307597,0.377725765,0.185545133,0.061623681,0.035226488,0.084407089,0.014910529,2.574423077,1004.025
22814181.0,3.298836731,0.0509840005,0.3455156935,0.034368918,0.1302225375,0.0504383375,0.793888642,0.0483851525,0.07999888150000001,0.023872558,0.06544702899999999,0.16989216899999998,2.57265601,1005.9085
22821050.0,0.788476036,0.016802801,0.018533414,0.021320227,0.030741648,0.0,0.555077545,0.067558204,0.049540832,0.032626186,0.027689858,0.0,2.515559949,986.0995
22953960.0,4.280004536,4.472895725,0.256075739,1.079184082,0.849808702,0.51539384,1.245232969,0.098006229,0.069235699,0.036032506,0.042604566,0.015911059,2.438223077,950.907
22953970.0,3.117830036,0.886564705,1.2384692555,0.279256952,0.10449863449999999,0.019484442499999997,0.854903528,0.028805618499999998,0.2615127065,0.0534656825,0.078484671,0.017895814,2.411217391,942.786
22829780.0,2.3602471695,0.005744858,0.0066296185,0.7379907315,0.28077244700000004,0.0032549235,1.7357443225,0.030399779000000002,0.0348552255,0.7160069505,0.20503033799999998,0.015999310500000002,2.391162404,934.9445
22820526.0,2.263899507,0.072752917,0.124225205,0.072053781,0.222158488,0.238359776,0.569460242,0.158871626,0.04901912,0.038437034,0.212853583,0.029028681,2.32882398,912.899
22829867.0,2.555801438,0.027233639,0.026338175,0.020898785,0.05610755,0.0,0.45893082350000003,0.0479487895,0.030711074499999998,0.027927202499999998,0.2152735925,0.0,2.316074169,905.585
22820368.0,1.244362591,0.40007252,0.10803650849999999,0.08051910600000001,0.570340899,0.195811297,0.755862013,0.033703217,0.079930042,0.15684995,0.056723756,0.049712764,2.310273196,896.386
22816582.0,6.596053701,0.093631936,0.05263469,0.041461275,0.085803988,0.0,0.73186068,0.237362797,0.041328496,0.036147457,0.058605263,0.0,2.303626923,898.4145
22813917.0,5.247374888,0.097148693,0.089536454,0.092061543,0.551170296,0.0,0.935093741,0.038732161,0.055096756,0.042189524,0.270324735,0.0,2.297859335,898.463
22821079.0,1.290746234,0.629624971,0.068034634,0.079350199,0.692493636,0.241753603,0.755430324,0.02692261,0.07657077,0.048453263,0.183122474,0.008319266,2.276610256,887.878
23257148.0,1.413045283,0.138057167,1.220061407,1.30583622,0.739556446,0.425110992,0.6670875155,0.0251000725,0.080801842,0.055362021,0.077134172,0.023851217,2.236803069,874.59
22824551.0,0.2111194545,0.024884958999999998,0.035390216,0.02467913,0.054400146999999996,0.009783505500000001,0.2810644995,0.055985348500000004,0.0353305785,0.027987389,0.073200301,0.0098870995,2.183030691,853.565
22824065.0,0.453559546,0.045244743,0.070703994,0.053058331,0.133672847,0.016844861,0.488995414,0.072726424,0.044079442,0.041148628,0.148598131,0.016644566,2.178950255,854.1485
22824410.0,0.0612886215,0.0161736305,0.015277075000000001,0.017939938000000002,0.027511085499999997,0.0024180855,0.39963896200000004,0.06362047300000001,0.017323837,0.017990977999999998,0.192262343,0.017052047,2.106682864,823.713
22817748.0,2.218087614,0.014263612,0.142793282,0.115812137,0.278175187,0.009600125,0.977112781,0.034504221,0.104377606,0.144027565,0.064351286,0.017229251,2.071552564,807.9055
22821437.0,0.14807044949999998,0.025368597,0.0281001095,0.027805225500000003,0.040873085,0.0164682015,0.199452254,0.029333573,0.063987805,0.050450438,0.015320013,0.050281676,2.069869452,792.76
22814121.0,2.686235777,0.531732711,0.036237135,0.033777835,0.559243958,0.0,0.709441577,0.094356929,0.041304284,0.032774005,0.226644103,0.0,2.042613811,798.662
22822677.0,4.069026754,0.1715174,0.060197572,0.037745581,0.122121273,0.0,0.810847594,0.327510023,0.069503838,0.046628958,0.042488429,0.0,2.042519182,798.625
22814123.0,8.136810864,0.4842465715,0.038364508000000005,0.0384609775,0.9278250484999999,0.0,0.707286045,0.094835283,0.041647161,0.03143702,0.223864296,0.0,2.022878827,792.9685
22821124.0,0.10105146300000001,0.0140614095,0.0314882665,0.026520944,0.040142529499999996,0.004187443,0.393314241,0.030667588000000003,0.039767398499999995,0.039769243999999995,0.16060492850000002,0.017201065,1.995878553,772.405
22816002.0,0.186940874,0.62804274,0.130270447,0.095529829,0.963202635,0.38278627,0.850965936,0.022389024,0.067406996,0.117929278,0.210575694,0.012527927,1.981161538,772.653
22822175.0,4.083130865,0.072126531,0.114533067,0.085864699,0.20716834,0.077715436,0.534983979,0.034863548,0.071336501,0.095887118,0.039550435,0.014742533,1.96894757,769.8585
22821458.0,1.089639787,0.016555012,0.125295239,0.03864675,0.155105159,0.004635463,0.765285613,0.026137444,0.179956484,0.0335788,0.084850061,0.016043829,1.953187179,761.743
22819393.0,0.156309083,0.0094485,0.030153746,0.02219194,0.030456213,0.005249158,0.774657209,0.03956327,0.080946968,0.05832208,0.022717824,0.017952105,1.93162532,755.2655
22828493.0,0.697755193,0.034227038,0.10029603,0.094923044,0.11328282,0.006533375,0.527571907,0.03599876,0.045013457,0.035639682,0.186488895,0.016615566,1.929925641,752.671
22826249.0,1.3198772745,0.017450583999999998,0.026807254,0.086565091,0.058693982,0.015958701,0.7040700049999999,0.039915606000000006,0.07613486550000001,0.057177908,0.019878127000000002,0.0609011965,1.896876607,737.885
22822231.0,0.105020206,0.013476469,0.037981038,0.03171306,0.036692805,0.008202428,0.2791877315,0.040094328,0.0812158285,0.06878461699999999,0.018872812000000003,0.0220863715,1.881385897,733.7405
22821912.0,3.000849649,0.0273168945,0.5864318534999999,0.042985665,0.0603409855,0.0151453495,0.3066166725,0.062415156,0.06231946,0.041558108499999996,0.07216629199999999,0.107696851,1.822852941,712.7355
22824938.0,1.214259057,0.597237971,0.234790064,0.033790355,0.141383735,0.018119858,0.784778394,0.072880919,0.246660969,0.01814104,0.053588359,0.030780963,1.803878205,703.5125
22825950.0,0.5915390604999999,0.030816438,0.042108121,0.041247967999999996,0.056276654499999995,0.0052605485,0.456716977,0.011877196,0.047649877,0.035079225,0.079784243,0.016708367,1.778965473,695.5755
22816235.0,3.000152731,0.610777706,0.1498500445,0.1734880045,0.1468719255,0.618083886,0.5987834205,0.10905437,0.0437360755,0.0171036645,0.166679786,0.007248308,1.775815385,692.568
22821678.0,5.547733396,0.8627442839999999,0.13907858099999998,0.07512770299999999,0.114361392,0.0157569195,0.9806959995,0.030324793000000003,0.074469426,0.054675839000000004,0.0929249435,0.005710871,1.770189258,692.144
22828344.0,2.555570064,0.10825794,0.10821767,0.073917791,0.119910022,0.007401117,0.796729247,0.022436627,0.082733457,0.051339774,0.106439174,0.003467566,1.76155641,687.007
22825082.0,2.654398863,0.845055641,0.24176923649999998,3.829395656,0.14770624049999997,0.137119548,0.776858058,0.067471177,0.052759386,0.026687135,0.385617622,0.020209552,1.758231362,683.952
22816236.0,2.441031777,0.329767661,0.088681217,0.134670668,0.139062304,0.207838345,0.628095449,0.073016544,0.0411899605,0.0291339005,0.195587293,0.0051512605,1.738076726,679.588
22823596.0,0.6463630405,0.095458867,0.034594385,0.0768210815,0.0742966495,0.0176215805,0.6392364855,0.200803536,0.078738667,0.06594533699999999,0.07090835100000001,0.0167207655,1.735322251,678.511
22819375.0,3.366126445,0.1698405925,0.167201142,0.230763913,0.093763189,0.0053450655,1.424868783,0.019413906,0.180519483,0.304053719,0.038452648,0.004989099,1.733640306,679.587
22820468.0,0.336831059,0.010572998,0.051635063,0.04587287,0.020044519,0.002724544,0.8392470665,0.034878126499999995,0.15022993750000002,0.185124088,0.0308030605,0.0174741595,1.732014031,678.9495
22822104.0,0.4176407025,0.014780023,0.09152646,0.082094423,0.092823905,0.012774304,0.49087696950000004,0.03805203,0.063613575,0.094658167,0.057988274,0.0118841815,1.666557029,628.292
22823456.0,1.01628751,0.045312097,0.018433797,0.031768107,0.050385392,0.369807729,0.404227934,0.074874691,0.0382694565,0.0227997245,0.14395772,0.011462682,1.64329805,589.944
22830663.0,1.915907416,0.003615859,0.288409123,0.014573061,0.117195503,0.004910164,1.554625547,0.016510479,0.960196305,0.045634044,0.073368724,0.012169454,1.636273438,628.329
22823262.0,0.167327066,0.017481183,0.025037058,0.024486209,0.023108461,0.009236457,0.542647165,0.037510792,0.105114462,0.086341264,0.026649724,0.016595893,1.615092072,631.501
22818758.0,0.223960089,0.044799877,0.042253787,0.044485509,0.02913937,0.011971518,0.809067988,0.085469328,0.083314178,0.121732991,0.028775997,0.016294843,1.590752564,620.3935
22812954.0,0.10623316,0.017262639,0.0179175855,0.012195512,0.022303853999999998,0.011387751,0.15440229100000002,0.062815385,0.06377440549999999,0.050765193,0.057430521,0.09318344349999999,1.56522449,613.568
22813515.0,0.1296376205,0.01280861,0.017751184,0.026391281000000003,0.031776752000000005,0.017822174,0.41748428449999997,0.043350489,0.0172453165,0.030155795,0.22823132200000001,0.0645478095,1.540532134,599.267
22826539.0,5.838771138,0.06900652800000001,0.0789773695,0.043649464,0.11328527999999999,0.016358729000000002,0.566410262,0.028187279,0.053525694,0.028393629,0.146851163,0.012140857,1.506446154,587.514
22830665.0,0.170804552,0.0046715275,0.0357369645,0.021195245,0.056143699000000005,0.0031509875,0.595820884,0.030216298500000002,0.0483573345,0.0479378065,0.2681491135,0.0160368175,1.478125323,572.0345
22827401.0,3.758749134,0.07222171050000001,0.0654695955,0.0635902345,0.14751721150000002,0.0028236255000000004,0.734904747,0.066020281,0.069635734,0.062684251,0.055275932,0.0069447,1.471896154,574.0395
22817287.0,0.310373083,0.012870799,0.04376578,0.036611553,0.075261587,0.021069862,0.508893837,0.031113473000000003,0.048369419,0.044971608999999996,0.234589715,0.0384447745,1.466945013,573.5755
22822205.0,1.121333267,0.023933371000000002,0.013898812,0.01183757,0.06060505099999999,0.0,0.61319707,0.046081053,0.053853393,0.021300401,0.364984335,0.0,1.462148338,571.7
22824045.0,0.9180559905,0.026052543499999997,0.106100214,0.0751877095,0.0827118495,0.013845404,0.882875442,0.0363028495,0.077161788,0.057421388500000003,0.0628866895,0.0158254595,1.438528278,559.5875
23256854.0,1.14721975,0.811832081,0.943431726,0.111902086,1.771199942,0.01280703,0.993249759,0.010581644500000001,0.03298899,0.060399866999999996,0.207227938,0.005246585,1.405344388,550.895
22822720.0,0.11366932099999999,0.0074083355,0.040805236999999994,0.0123990075,0.0488266085,0.004021277,0.4728433635,0.039790162000000004,0.0806810715,0.057310278,0.29170265549999996,0.015147008,1.391100257,541.138
22813981.0,2.616689916,2.375050592,0.302872637,0.1419702585,2.14505313,0.486873069,0.570968361,0.1368726885,0.0468760955,0.044114051,0.07876936200000001,0.014898093,1.387702046,542.5915
22817746.0,2.2612510055,0.011452477999999999,0.3444557185,0.029954476,0.6902548685,0.030192319500000002,1.747650616,0.031475674999999995,0.5201636825,0.030822911,0.595616673,0.049917773,1.38356266,540.973
22825735.0,3.806945248,3.373600587,0.239975465,0.338896156,3.564625204,0.18311548,1.0458367325,0.103313114,0.0681513465,0.052760982,0.039702955,0.016743526,1.375032051,536.2625
22822951.0,4.687782083,4.57999051,4.650561694,2.216018388,1.568005374,0.025518797,2.283676679,0.017920478,0.63677027,0.011572763,0.761989562,0.011138229,1.35485641,528.394
22817229.0,2.186688898,0.028620549,0.027938675,0.022020674,0.113209603,0.0,0.5318463330000001,0.074250646,0.029273729999999998,0.014436122499999999,0.1658555585,0.0,1.349732737,527.7455
22822491.0,2.669768803,0.091950945,0.155296375,0.0225812615,0.2143275515,0.006088672,1.0649403975,0.1393711185,0.22714970299999998,0.034490531,0.08294395800000001,0.0152604925,1.349170077,527.5255
22821540.0,0.218066115,0.020163694,0.037135299,0.03669149,0.0521116,0.010882742,0.730313958,0.032707483,0.091584608,0.147338475,0.061640648,0.015707787,1.346722506,526.5685
22825694.0,0.38965210699999997,0.0178329915,0.0542914985,0.045971969,0.03618812,0.003573882,0.719833216,0.063375856,0.080678937,0.097563965,0.015724663,0.017108369,1.312538363,513.2025
22820037.0,0.6800794115,0.016522921500000003,0.0789224365,0.13631312550000002,0.054736272,0.0127294855,0.787528691,0.0392674385,0.079723541,0.24017855300000002,0.039703149,0.0172480265,1.295717391,506.6255
22823008.0,3.240189105,4.307036477,2.302933549,1.933566548,1.42098902,0.013967019,2.007883622,0.157813441,0.185063494,0.020044133,0.748668653,0.013914445,1.268997312,472.067
22816041.0,0.344986444,0.012367273500000001,0.064952875,0.054000289,0.107910619,0.0074797085,0.430386671,0.0369210575,0.047394515,0.053713326000000006,0.18762041000000002,0.015282164,1.254741688,490.604
22819258.0,0.9250636485,0.034292471500000005,0.117285056,0.048223945000000004,0.0813574115,0.002456028,0.8683301830000001,0.08191213750000001,0.08277566950000001,0.056485599,0.07771937000000001,0.0124921895,1.222035714,479.038
22821431.0,3.048971846,1.730381875,0.371942724,0.314345947,0.117928503,1.549822879,1.512897582,0.039621013,0.10118886,0.147360775,0.087575599,0.354023116,1.208322704,473.6625
22813192.0,0.66265627,0.0023133855,0.0573207635,0.0508460295,0.0754175855,0.001012519,0.727922182,0.013508132,0.079131061,0.115731855,0.109192636,0.008542671,1.183065217,462.5785
22821471.0,0.3060193845,0.009901384999999999,0.0702606855,0.029549507,0.105368687,0.0066991805000000005,0.576380243,0.03067646,0.053837976,0.055526394,0.311661638,0.017030457,1.16932398,458.375
22828655.0,1.946113273,1.941028477,1.173086614,0.939001805,0.410884804,0.0649514365,1.215285183,0.0207875295,0.22842086849999998,0.0246039095,0.088110311,0.0039909739999999996,1.164031969,455.1365
22813216.0,0.030840759500000002,0.011310702999999998,0.006859884,0.006740561,0.0222984435,0.003350802,0.1352048865,0.151981259,0.068537445,0.039053754,0.042444577,0.0080395145,1.118882353,437.483
22821133.0,0.438622134,0.023985351,0.07238729,0.031161142,0.080964893,0.005899668,0.826023187,0.035626691,0.217525186,0.045623556,0.088532236,0.01555553,1.088647436,424.5725
22814166.0,2.7874123255,0.020113706500000002,0.1103646525,0.0113192285,0.0626251115,0.010375975999999999,2.5525645985,0.0398255465,0.0812862325,0.0487726205,0.077270703,0.0177407915,1.075781003,407.721
22824960.0,4.030878263,0.018613431,0.041846274,0.012124565,0.0211532455,0.005977999,0.38263219000000004,0.050159213,0.076878663,0.028724803,0.063720258,0.044753897,1.072768638,417.307
22813979.0,2.235986652,0.063778306,0.073214889,0.051480536,0.285226296,0.003205275,0.77637288,0.085076118,0.072186205,0.055977191,0.061359892,0.006269083,1.047998724,410.8155
22820818.0,5.353624187,4.514702887,4.618729384,3.860108219,3.106519701,1.514634728,2.1614158405,0.022081181,0.0434388485,0.041207441,0.07533445150000001,0.0076370605,1.012567775,395.914
22830723.0,1.440488381,0.589594449,1.525434716,0.153383713,0.864878109,0.43635611,1.000607952,0.023661156,0.11755309,0.187671851,0.072041966,0.014195492,0.982683117,378.333
22821280.0,0.144110259,0.025085166,0.046031542,0.01933588,0.049925859,0.007818191,0.333270968,0.040954489,0.079939376,0.05507557,0.095234938,0.013331318,0.936405928,363.3255
22829776.0,1.440553688,0.459183094,1.437635452,1.128779762,1.692060957,0.34821058,0.736250621,0.033151042,0.065981931,0.056627339,0.212953052,0.016729834,0.864379487,337.108
22813333.0,0.881204556,0.661707625,0.036333847,0.035899381,0.511259006,2.446569886,0.649290796,0.083539612,0.022546431,0.059216454,0.098495844,0.006325314,0.846243622,331.7275
22823159.0,1.609131657,0.037364582,0.228494438,0.112264872,0.211364289,0.028306748,0.881238,0.038112455,0.184096385,0.260850298,0.03340069,0.01733055,0.844303069,330.1225
22829923.0,0.507548056,0.024632913,0.036328661,0.033633896,0.081482799,0.001704425,0.6215231189999999,0.018291082,0.04678668800000001,0.0784443795,0.106996887,0.013717461,0.812468112,318.4875
22820824.0,0.731312472,0.0422110095,0.094955709,0.05886931,0.0727079435,0.027280836000000003,0.696160743,0.039694679,0.095785655,0.068162376,0.047240578,0.017361972,0.721622667,270.6085
22822008.0,0.48060672449999997,0.0198672405,0.0502075035,0.047830484,0.035819761000000006,0.01265202,0.422139646,0.062869832,0.078006406,0.056712598,0.016959086,0.085161185,0.712108753,268.465
22826486.0,0.7165945275000001,0.022243104,0.21152271649999999,0.066616018,0.0366116205,0.016170700500000003,0.8973717625,0.039899249,0.313491749,0.0706624555,0.0815279475,0.016937067,0.615917313,238.36
22815752.0,3.193840719,0.0040424455,0.039140453000000006,0.039064297,0.2379407865,0.0011478080000000002,0.658651765,0.006885291,0.040965382,0.04970068,0.206605503,0.003505449,0.599435897,233.78
22814852.0,0.962772258,0.545221133,0.919688141,0.15890942,1.501915408,0.034429611,0.672008877,0.038092413,0.07140054,0.096043056,0.171251248,0.017054198,0.579170513,225.8765
22813869.0,1.236404059,1.500347826,0.06513419849999999,0.063549573,0.619760088,0.765637221,0.693908745,0.028748478,0.035152116,0.058528944,0.204218507,0.007153596,0.561153453,219.411
22821085.0,0.228018916,0.022221661,0.041205149,0.026234961,0.065234839,0.009018779,0.603133389,0.037377061,0.079643455,0.04966599,0.277311216,0.010428808,0.503592308,196.401
22827453.0,1.390758495,0.4154336365,0.0729039665,0.177953998,0.2998321255,0.0538867165,0.5900040120000001,0.056316739000000005,0.044765483999999994,0.017155616999999998,0.13822173199999999,0.011029277,0.493708333,189.584
22823423.0,2.387851039,0.0585070835,0.0343990485,0.038812031,0.539577698,0.0,0.5415770575000001,0.1184372025,0.026289675499999998,0.022272197,0.135984461,0.0,0.337434783,131.937
22822213.0,2.552013201,0.059922238,0.15253471200000002,0.12925155500000002,0.198668703,0.0313366495,0.746271284,0.0432093425,0.082468408,0.0641968175,0.0527287605,0.0182329995,0.328101023,128.2875
